"Buckaroo payment methods","Métodos de pago de Buckaroo"
"Buckaroo Payment Methods","Métodos de pago de Buckaroo"
"iDEAL","iDEAL"
"Enable iDEAL","Activar iDEAL"
"Enable or disable this payment method.","Activar o desactivar este método de pago."
"Frontend label","Etiqueta front-end"
"Determines the frontend label shown.","Determina qué etiqueta front-end se muestra."
"Frontend sort order","Orden de clasificación front-end"
"Determines the sorting of payment methods.","Determina la clasificación de los métodos de pago."
"Advanced Configuration","Configuración avanzada"
"Send order confirmation email","Enviar correo electrónico de confirmación de pedido"
"Enable to send an order confirmation email to the customer when the creating of the order is successful. Specific for this payment method.","Activar para enviar un correo electrónico de confirmación de pedido al cliente cuando se crea correctamente el pedido. Específico para este método de pago."
"Payment fee","Tarifa de pago"
"The above amount is calculated based on de Tax settings in Buckaroo > General configuration and account information > Buckaroo Payment Fee Tax Class.","La cantidad anterior se calcula a partir de los ajustes de Impuesto en Tiendas > Configuración > Ventas > Impuesto."
"Payment fee frontend label","Etiqueta front-end de tarifa de pago"
"This label will be displayed next to the fee on the checkout","Esta etiqueta aparecerá junto a la tarifa en la pantalla de compra, el pedido, la factura, las notas de abono y los PDF."
"Max order amount (in Base Currency)","Importe máx. del pedido (en moneda de base)"
"Maximum order amount allowed.","Importe máximo permitido del pedido."
"The payment method shows only for orders with an order amount smaller than the maximum amount.","El método de pago solo se muestra en los pedidos con un importe inferior al importe máximo."
"Min order amount (in Base Currency)","Importe mín. del pedido (en moneda de base)"
"Minimum order amount allowed.","Importe mín. del pedido."
"The payment method shows only for orders with an order amount greater than the minimum amount.","El método de pago solo se muestra en los pedidos con un importe superior al importe mínimo."
"Method specific status enabled","Estado específico del método activado"
"Enable or disable specific status.","Activar o desactivar el estado específico."
"Method specific success status","Estado realizado específico del método"
"Leave empty to use default 'success' status.","Dejar en blanco para usar el estado predeterminado 'realizado'."
"Method specific failed status","Estado fallido específico del método"
"Leave empty to use default 'failed' status.","Dejar en blanco para usar el estado predeterminado 'fallido'."
"To make a new status available it needs to be assigned to the correct state. See Magento documentation about state and status.","Para disponer de un nuevo estado, se debe asignar a la condición correcta. Consulte la documentación de Magento en relación con la condición y el estado."
"Allowed currencies","Monedas permitidas"
"Select payment method specific currencies.","Seleccionar monedas específicas del método de pago"
"Your contract with Buckaroo must allow for the selected currencies to be used with this payment method.","Su contrato con Buckaroo debe permitir el uso de las monedas seleccionadas con este método de pago."
"Payment from applicable countries","Pago desde países correspondientes"
"Payment from Specific Country","Pago desde país específico"
"Only available when set to 'specific countries'.","Solo disponible con la opción 'países específicos'."
"Display only for selected IPs","Mostrar solo para IP seleccionadas"
"Show method only to Magento set IPs.","Mostrar método de pago solo para IP establecidas por Magento."
"Magento developer client restrictions.","Esta opción es para desarrolladores, y se usa cuando se quiere probar un método de pago específico sin mostrarlo públicamente."
"Credit and debit cards","Tarjetas de crédito y débito"
"Enable credit and debit cards","Activar tarjetas de crédito y débito"
"Allowed credit and debit cards","Tarjetas de crédito y débito permitidas",
"Select payment method specific Credit and debit card.","Seleccionar tarjetas de crédito y débito específicas del método de pago"
"American Express Specific","Específico de American Express"
"Verify address","Comprobar dirección"
"Set true to verify the address at American Express. Set false to disable address verification","Elegir 'cierto' para comprobar la dirección en American Express. Elegir 'falso' para desactivar la comprobación de la dirección"
"Maestro Specific","Específico de Maestro"
"Mastercard Specific","Específico de Mastercard"
"No SecureCode order status","Estado de pedido sin SecureCode"
"Set no SecureCode orders onhold","Poner en espera pedidos sin SecureCode"
"Hold orders which have no MasterCard SecureCode.","Retener pedidos sin SecureCode de Mastercard."
"Visa Specific","Específico de Visa",
"No 3D Secure order status","Estado de pedido sin 3D Secure"
"Set no 3D Secure orders onhold","Poner en espera pedidos sin 3D Secure"
"Hold orders which are not 3D Secure.","Retener pedidos sin 3D Secure."
"Paypal","Paypal"
"Enable Paypal","Activar Paypal"
"Seller protection enabled","Protección del vendedor activada"
"WARNING: Paypal Seller Protection requires additional configuration. Please consult Buckaroo for more information.","AVISO: La protección del vendedor de Paypal requiere una configuración adicional. Consulte en Buckaroo para obtener más información."
"Seller protection eligible","Protección del vendedor aplicable"
"Seller protection for unauthorized payment and item not received","Protección del vendedor para transacción no autorizada y artículo no recibido"
"Seller protection item not received","Protección del vendedor artículo no recibido"
"Seller protection for item not received","Protección del vendedor para artículo no recibido"
"Seller protection unauthorized payment","Protección del vendedor para transacción no autorizada"
"Seller protection for unauthorized payment","Protección del vendedor para transacción no autorizada"
"Seller protection ineligible","Protección del vendedor no aplicable"
"Merchant is not protected by Seller Protection","El vendedor no está protegido por la Protección del vendedor"
"Bank Transfer","Transferencia bancaria"
"Enable Bank Transfer","Activar transferencia bancaria"
"Send payment instruction email","Enviar correo electrónico de instrucciones de pago"
"Buckaroo sends an email to the customer with the payment procedures.","Buckaroo envía un correo electrónico al cliente con los procedimientos de pago."
"Set to 'No' the customer is informed once online.","Elegir 'No' para 'se informa al cliente una vez en línea'."
"Due date (in days)","Fecha de vencimiento (en días)"
"The amount of days after the order date in which the customer has to complete the payment. After this period order will be cancelled. You can add this due date in the template of the Transfer email.","El número de días que tiene el cliente para realizar el pago a partir de la fecha del pedido. Una vez cumplido este plazo, el pedido se cancelará. Puede añadir la fecha de vencimiento a la plantilla del correo electrónico de Transferencia."
"Use credit management","Usar credit management"
"Buckaroo sends payment reminders to the customer.","Buckaroo envía recordatorios de pago al cliente."
"Contact Buckaroo before activating Credit Management. By default this is excluded in the contract.","Póngase en contacto con Buckaroo antes de activar Credit Management. De forma predeterminada, esto queda excluido en el contrato."
"Invoice delay (in days)","Demora de factura (en días)"
"Specify the amount of days before Buckaroo invoices the order and sends out the payment mail.","Especifique el número de días antes de que Buckaroo facture el pedido y envíe el correo de pago."
"Max reminder level","Nivel máx. de recordatorio"
"Select the maximum reminder level buckaroo will use.","Seleccione el nivel máximo de recordatorio que usará Buckaroo."
"SEPA direct debit","SEPA Direct Debit"
"Enable SEPA direct debit","Activar SEPA Direct Debit"
"Bancontact","Bancontact"
"Enable Bancontact","Activar Bancontact"
"Please enter a valid BIC number","Introduzca un número BIC válido"
"Please select a issuer from the list","Seleccione un emisor de la lista"
"Belfius","Belfius"
"Enable Belfius","Activar Belfius"
"Alipay","Alipay"
"Enable Alipay","Activar Alipay"
"WeChatPay","WeChatPay"
"Enable WeChatPay","Activar WeChatPay"
"P24","P24"
"Przelewy24","Przelewy24"
"Enable Przelewy24","Activar Przelewy24"
"Trustly","Trustly"
"Enable Trustly","Activar Trustly"
"Request To Pay","Request To Pay"
"Enable Request To Pay","Activar Request To Pay"
"Refunding","Reembolso"
"Enable or disable refunding.","Activar o desactivar el reembolso."
"Set to 'No' refunds must be done manualy in Payment Plaza.","Elegir 'No' para 'los reembolsos se deben realizar manualmente en Payment Plaza'."
"Push Payment Plaza refunds to Magento","Aceptar reembolsos de Payment Plaza a Magento"
"Allow 2-way refunding from Magento and Payment Plaza.","Permitir reembolsos bidireccionales entre Magento y Payment Plaza."
"Enabled","Activado"
"Enable or disable the Buckaroo module.","Activar o desactivar el módulo de Buckaroo."
"Selecting 'Off' will overrule all individual settings.","Si selecciona 'Off', se anularán los ajustes individuales."
"Secret key","Clave secreta"
"Enter your Buckaroo Secret Key.","Introduzca su clave secreta de Buckaroo."
"The Secret Key can be retrieved in Payment Plaza under Configuration > Security > Secret Key. For support contact Buckaroo.","La clave secreta se encuentra en Payment Plaza, en Configuración > Seguridad > Clave secreta. Si necesita ayuda, póngase en contacto con Buckaroo."
"(Merchant) key","Clave (vendedor)"
"Enter your Buckaroo merchant/website key.","Introduzca su clave de vendedor/sitio web de Buckaroo."
"The (Merchant) Key can be retrieved in Payment Plaza under My Buckaroo > Websites. For support contact Buckaroo.","La clave (vendedor) se encuentra en Payment Plaza, en Mi Buckaroo > Sitios web. Si necesita ayuda, póngase en contacto con Buckaroo."
"(Merchant) guid","GUID (vendedor)"
"Enter your Buckaroo merchant guid.","Introduzca su GUID de vendedor de Buckaroo."
"The (Merchant) Guid can be retrieved in Payment Plaza under My Buckaroo > Details > Guid. For support contact Buckaroo.","El GUID (vendedor) se encuentra en Payment Plaza, en Mi Buckaroo > Detalles > GUID. Si necesita ayuda, póngase en contacto con Buckaroo."
"Transaction label","Etiqueta de transacción"
"The transaction description in Payment Plaza.","La descripción de la transacción en Payment Plaza."
"Certificate label","La descripción de la transacción en Payment Plaza."
"Enter a name for the certificate. This is purely administrative.","Introduzca un nombre para el certificado. Es estrictamente administrativo."
"Upload your Buckaroo private key certificate","Cargar su certificado de clave privada de Buckaroo"
"Certificate file","Archivo de certificado"
"The certificate can be retrieved in Payment Plaza under Configuration > Security > Certificates. For support contact Buckaroo.","El certificado se encuentra en Payment Plaza, en Configuración > Seguridad > Certificados. Si necesita ayuda, póngase en contacto con Buckaroo."
"These options are only intended for expert users. Tampering with the default settings may negatively affect the workflow and performance of all Buckaroo payment methods. Use at your own risk.","Estas opciones están destinadas a los usuarios expertos. Manipular los ajustes predeterminados puede perjudicar el flujo de trabajo y el rendimiento de los métodos de pago de Buckaroo. Si lo hace, será bajo su propia responsabilidad."
"New status","Estado nuevo"
"This status will be given to new orders.","Se aplicará este estado a los nuevos pedidos."
"Pending payment status","Estado pendiente de pago"
"This status will be given to orders pending payment.","Se aplicará este estado a los pedidos pendientes de pago."
"Payment success status","Estado pago realizado"
"This status will be given to orders paid.","Se aplicará este estado a los pedidos pagados."
"Payment failed status","Estado pago fallido"
"This status will be given to unsuccessful orders.","Se aplicará este estado a los pedidos fallidos."
"Send transactional invoice email","Enviar correo electrónico de factura de transacción"
"Send a mail after successful creating the order.","Enviar un correo electrónico tras realizar correctamente un pedido."
"Please enter a valid bank account holder name","Introduzca un nombre de titular de la cuenta válido"
"Please enter a valid bank account number","Introduzca un número de cuenta válido"
"Create invoice after success","Crear factura tras realizar correctamente el pedido"
"If set to 'No' the order is not invoiced.","Si se elige 'No', el pedido no se factura."
"Payment success status without invoice","Estado pago realizado sin factura"
"Redirect url after 'Success'","Redirigir URL después de 'realizado'"
"Redirect after successful payments.","Redirigir una vez realizado el pago."
"Redirect url after 'Failure'","Redirigir URL después de 'fallido'"
"Redirect after failed payments.","Redirigir después de los pagos fallidos."
"'Canceled' state on failed payment","Estado 'cancelado' después de un pago fallido"
"Orders will stay open after failed payments.","Los pedidos seguirán abiertos después de un pago fallido."
"Debug email","Correo electrónico de corrección de errores"
"Transaction data send as raw data.","Los datos de la transacción se han enviado como datos no procesados."
"Fee percentage mode","Modo porcentaje de comisión"
"This setting only applies to percentage-based Buckaroo fees.<br />Please choose over which amount the fee percentage is calculated.","Este ajuste solo se aplica a las comisiones de Buckaroo basadas en porcentajes.<br/>Elija sobre qué importe se calcula el porcentaje de comisión."
"Please enter these fields as they appear on your bank account.","Introduzca los datos de estos campos tal como aparecen en su cuenta."
"You will receive an email with further payment instructions when you place your order.","Recibirá un correo electrónico con nuevas instrucciones de pago al realizar el pedido."
"Legend","Leyenda"
"Payment method","Método de pago"
"Disabled","Desactivado"
"Test Mode","Modo de prueba"
"Live Mode","Modo en directo"
"Magento &amp; 3rd party version compatibility","Compatibilidad de la versión de Magento y terceros"
"Magento version compatibility","Compatibilidad de la versión de Magento"
"Magento Community Edition version","Versión Edición de la comunidad de Magento"
"Magento Enterprise Edition version","Versión Edición de empresa de Magento"
"Quick reference guide","Guía de referencia rápida"
"Log in to the ","Iniciar sesión en"
"Buckaroo Payment Plaza","Payment Plaza de Buckaroo"
" to collect the following security settings:","para recopilar los siguientes ajustes de seguridad:"
"Support","Asistencia"
"This extension is developed by Buckaroo.","Esta extensión la ha desarrollado Buckaroo."
"Extension basic configuration and account information","Configuración básica de la extensión e información de la cuenta"
"Buckaroo Payment Plaza:","Payment Plaza de Buckaroo:"
"Phone:","Teléfono:"
"E-mail:","Correo electrónico:"
"Extension support and advanced configuration","Soporte de extensión y configuración avanzada"
"Online documentation and FAQ:","Documentación en línea y preguntas frecuentes:"
"Support question:","Pregunta para Asistencia:"
"Support by email:","Asistencia por correo electrónico:"
"Documentation","Documentación"
"A list of documents regarding the extension.","Una lista de documentos relacionados con la extensión."
"Download a PDF format of the manual. Currently the manual is only available in English.","Descargar el manual en formato PDF. Actualmente, el manual solo está disponible en inglés."
"View the complete changelog of the module. Currently the changelog is only available in Dutch.","Ver el registro de cambios completo del módulo. Actualmente, el registro de cambios solo está disponible en neerlandés."
"Installation Manual Buckaroo.pdf (NL)","Manual Instalación Buckaroo.pdf (NL)"
"Full Changelog","Registro de cambios completo"
"Selected card: %1","Tarjeta seleccionada: %1"
"Tax Class for Buckaroo Fee","Categoría fiscal para la comisión de Buckaroo"
"Display Buckaroo Fee Prices","Mostrar tarifas de Buckaroo"
"Buckaroo","Buckaroo"
"Version &amp; Support","Versión y asistencia"
"General configuration and account information","Configuración general e información de la cuenta"
"(Merchant) key","Clave (vendedor)"
"Debug information will be sent to these comma-separated email addresses","La información de corrección de errores se enviará a estas direcciones de correo electrónico separadas por comas"
"Debugging","Corrección de errores"
"Decide what to debug. Log files will be created within the var/log/Buckaroo/ directory.","Elija dónde realizar la corrección de errores. Los archivos de registro se crearán en el directorio var/log/Buckaroo/."
"Please enter a valid number: '%1'.","Introduzca un número válido: '%1'."
"This sets whether buckaroo payment fee amounts entered from Magento Admin include tax","Aquí se establece si lo importes de la tarifa de pago de Buckaroo introducidos desde la Admin. de Magento incluyen impuestos"
"Excluding Tax","Impuestos excluidos"
"Including Tax","Impuestos incluidos"
"Including and Excluding Tax","Impuestos incluidos y excluidos"
"None","Nada"
"All Allowed Countries","Todos los países permitidos"
"Specific Countries","Países específicos"
"You have not yet uploaded any certificate files","No ha subido ningún archivo de certificado"
"No certificate selected","No se ha seleccionado ningún certificado"
"Do not log debug information","No registrar la información de corrección de errores"
"Log to file","Registrar en archivo"
"Mail to debug email","Correo para correo electrónico de corrección de errores"
"Log to file and mail to debug email","Registrar en archivo y correo para correo electrónico de corrección de errores"
"Off","Off"
"Test","Prueba"
"Live","Directo"
"Subtotal","Subtotal"
"Subtotal incl. tax","Subtotal impuestos incl.."
"Grand Total","Total"
"-- Please Select --","-- Seleccionar --"
"Buckaroo refund is disabled","El reembolso de Buckaroo está desactivado"
"Buckaroo refund push validation failed","Se ha producido un error en la validación push de Buckaroo"
"The credit memo\'s total must be positive.","El total de la nota de crédito debe ser positivo."
"Failed to create the creditmemo","Se ha producido un error al crear la nota de crédito"
"Payment Fee","Tarifa de pago"
"Refund failed ! Status : %1 and the order does not contain an invoice","Se ha producido un error en el reembolso! Estado: %1 y el pedido no contiene una factura"
"Skipped handling this push","Manejo de este push omitido, duplicado"
"Signature from push is incorrect","La firma del push es incorrecta"
"Signature from push is correct but the order can not receive updates","La firma del push es correcta, pero el pedido no puede sufrir actualizaciones"
"There was no order found by transaction Id","No se ha encontrado un pedido con la ID de transacción"
"Invalid status send by buckaroo","Buckaroo ha enviado un estado no válido, pero el importe de pago es correcto."
"Order can not be invoiced","No se puede facturar el pago"
"Buckaroo Pending Payment","Pago pendiente de Buckaroo"
"Refund Reward Points","Reembolsar puntos de recompensa"
"Buckaroo Fee for Order","Comisión de Buckaroo por pedido"
"order","pedido"
"Buckaroo Fee","Comisión de Buckaroo"
"Place Order","Efectuar pedido"
"Select a bank:","Seleccione un banco:"
"BIC number:","Número BIC:"
"Select a Credit Card or Debit Card:","Seleccione una tarjeta de crédito o débito:"
"Bank account holder","Titular de la cuenta"
"Bank account number","Número de cuenta"
"BIC Number","Número BIC"
"Disallowed file type.","Tipo de archivo no permitido."
"Enter a name for the certificate.","Introduzca un nombre para el certificado."
"Online refunds are currently disabled for Buckaroo payment methods.","Actualmente, los reembolsos en línea están desactivados para los métodos de pago de Buckaroo."
"Adjustment Refund","Reembolso de ajuste"
"Adjustment Fee","Tarifa de ajuste"
"Unfortunately an error occurred while processing your payment. Please try again. If this error persists","Se ha producido un error al procesar el pago. Inténtelo de nuevo. Si el error continúa produciéndose, elija un método de pago diferente."
"Riverty","Riverty"
"Enable Riverty","Activar Riverty"
"Giftcard","Giftcard"
"Enable Giftcard","Activar Giftcard"
"PayPerEmail","PayPerEmail"
"Enable PayPerEmail","Activar PayPerEmail"
"PayLink","PayLink"
"Enable PayLink","Activar PayLink"
"Combined","Combinada"
"Separate authorize and capture","Autorizar y capturar por separado"
"Payment flow","Flujo de pago"
"Whether to use separate authorize and capture calls or to use a combined 'pay' call.","Si se usan llamadas para autorizar y capturar por separado o si se usa una llamada de 'pago' combinada."
"Eps","EPS"
"Enable Eps","Activar EPS"
"This is a required field.","Este campo es obligatorio."
"You should be at least 18 years old.","Debe tener, al menos, 18 años."
"Phone number should be correct.","El número de teléfono debe ser correcto."
"Enter Valid IBAN","Introduzca un IBAN válido"
"Enter Valid BIC number","Introduzca un número BIC válido"
" (Excl. Tax)"," (Impuestos excl.)."
" (Incl. Tax)","(Impuestos incl.)."
"Please enter a valid currency: '%1'.","Introduzca una moneda válida: '%1'."
"Merchant is protected by PayPal Seller Protection Policy for both Unauthorized Payment and Item Not Received.","El vendedor está protegido por la Política de Protección del vendedor de Paypal para Transacción no autorizada y Artículo no recibido."
"Merchant is protected by Paypal Seller Protection Policy for Item Not Received.","El vendedor está protegido por la Política de Protección del vendedor de Paypal para Artículo no recibido."
"Merchant is protected by Paypal Seller Protection Policy for Unauthorized Payment.","El vendedor está protegido por la Política de Protección del vendedor de Paypal para Transacción no autorizada."
"Merchant is not protected under the Seller Protection Policy.","El vendedor no está protegido por la Política de Protección del vendedor."
"Not enough paid: %1 has been transfered. Order grand total was: %2.","No se ha pagado suficiente: se ha transferido %1. El total del pedido es: %2."
"Too much paid: %1 has been transfered. Order grand total was: %2.","Se ha pagado demasiado: se ha transferido %1. El total del pedido es: %2."
"Buckaroo New","Nuevo en Buckaroo"
"Buckaroo Pending Payment","Pago pendiente de Buckaroo"
"'%s' data type is invalid. String is expected.","'El tipo de datos de %s no es válido. Se requiere una secuencia."
"Before contacting Buckaroo technical support","Antes de ponerse en contacto con el servicio de asistencia técnica de Buckaroo, prepare la clave (vendedor), la clave secreta, el certificado y la huella digital del certificado."
"A list of documents regarding the extension.","Una lista de documentos relacionados con la extensión."
"Installation and Configuration Manual Buckaroo.pdf","Manual de Instalación y Configuración Buckaroo.pdf"
"View the complete release notes of the extension. Currently the release notes is only available in English.","Ver las notas completas de la versión de la extensión. Actualmente, las notas de la versión solo están disponibles en inglés."
"Full Release Notes","Notas completas de la versión"
"(Excluding Tax)","(Impuestos excluidos)"
"(Including Tax)","(Impuestos incluidos)"
"Salutation","Saludo"
"Mr.","Sr.."
"Mrs.","Sra.."
"Unknown","Desconocido/a"
"He/him","Él"
"She/her","Ella"
"They/them","Elle"
"I prefer not to say","Prefiero no decirlo"
"Billing Name:","Factura a nombre de:"
"Telephone:","Teléfono:"
"Date of Birth:","Fecha de nacimiento:"
"Bank Account Number:","Número de cuenta:"
"Business Model:","Modelo de negocio:"
"B2C - Business to Consumer","B2C - Negocio a consumidor"
"B2B - Business to Business","B2B - Negocio a negocio"
"COC Number:","Número COC:"
"Company Name:","Nombre de la empresa:"
"Cost Center:","Centro de costes:"
"VAT Number:","Número IVA:"
"Terms and Conditions:","Términos y condiciones:"
"Please make sure all fields are filled in correctly before proceeding.","Antes de continuar, compruebe que ha rellenado todos los campos correctamente."
"Not Applicable","No aplicable"
"Yes","Sí"
"Yes, I accept the terms and condition for the use of Riverty.","Sí, acepto los términos y condiciones de uso de Riverty."
"Accept terms of use","Aceptar los términos de uso"
"(DD/MM/YYYY)","(DD/MM/AAAA)"
"Any comments about this Beta release? <a target=\"_blank\" href=\"%s\"> Please let us know! </a>","Quiere comentarnos algo acerca de esta versión beta? <a target=\"_blank\" href=\"%s\"> ¡Cuéntenoslo! </a>"
"Buckaroo version","Versión de Buckaroo"
"The transaction will be processed using %s.","La transacción se procesará con %s."
"The order has already been processed.","El pedido ya se ha procesado."
"push notification for refund has no success status","La notificación push del reembolso no tiene el estado 'realizado'. Ignorando."
"Warning:","Aviso:"
"Due to compound rounding errors in Magento when using currencies other than the store's base currency when creating refunds","Debido a los errores de redondeo en Magento al usar monedas diferentes a la moneda de base utilizada en la tienda al crear los reembolsos, el importe del reembolso que reciba puede ser de unos céntimos por encima o por debajo de lo que esperaba. Si desea recibir el reembolso de la cantidad correcta, cree un reembolso sin conexión y utilice Payment Plaza de Buckaroo para procesar el reembolso real."
"support.buckaroo.nl","support.buckaroo.nl"
"Website","Sitio web"
"www.buckaroo-payments.com","www.buckaroo-payments.com"
"Buckaroo Request Form","Formulario de solicitud de Buckaroo"
"Buckaroo Knowledge Base","Base de conocimiento de Buckaroo"
"Dankort Specific","Específico de Dankort"
"Hold orders which are not 3D Secure.","Retener pedidos sin 3D Secure."
"Buckaroo Giftcards","Tarjetas regalo de Buckaroo"
"Giftcards","Tarjetas regalo"
"Enable Giftcards","Activar Tarjetas regalo"
"Allowed giftcards","Tarjetas regalo permitidas"
"Select which giftcards are available to the customer. You can add new cards in Stores > Buckaroo giftcards.","Seleccione las tarjetas regalo disponibles para el cliente. Puede añadir nuevas tarjetas en Tiendas > Tarjetas regalo de Buckaroo."
"These options will be presented to the customer after Buckaroo has received the order. If left blank","Estas opciones se ofrecerán al cliente cuando Buckaroo haya recibido el pedido. Si se deja en blanco, las opciones disponibles se basarán en las opciones de pago de Buckaroo que tenga activadas."
"You have not yet added any giftcards","No ha añadido ninguna tarjeta regalo"
"Add New Giftcard","Añadir nueva tarjeta regalo"
"Service Code","Código de servicio"
"Name","Nombre"
"Label","Etiqueta"
"Save","Guardar"
"Delete","Eliminar"
"Save and Continue","Guardar y continuar"
"Edit Giftcard '%s'","Editar tarjeta regalo '%s'"
"Add Giftcard","Añadir tarjeta regalo"
"This giftcard no longer exists.","Esta tarjeta regalo ya no existe."
"The giftcard has been saved.","Se ha guardado la tarjeta regalo."
"The giftcard has been deleted.","Se ha eliminado la tarjeta regalo."
"My billing and shipping address are the same","Mi dirección de facturación es la misma que la de envío"
"Select a Credit Card or Debit Card","Seleccione una tarjeta de crédito o débito"
"Salutation:","Saludo:"
"Send payment email","Enviar correo electrónico de pago"
"Whether to use separate order/authorization and capture/invoice calls or to use a combined 'payment invitation' call.","Si se usan llamadas de pedido/autorización y captura/factura por separado o si se usa una llamada de 'invitación de pago'."
"The selected payment method does not support the selected currency or the store's base currency.","El método de pago seleccionado no es compatible con la moneda seleccionada o con la moneda de base de la tienda."
"Invoice with id \"%1\" does not exist.","No existe la factura con ID \"%1\.""
"The payment of the Customer's payment will be outsourced to Buckaroo. The invoice indicates how to pay the invoice (after reception of goods and/or services). The invoice must be paid within 14 (fourteen) days after the invoice date.","El pago del Pago del cliente se externalizará a Buckaroo. La factura indica cómo pagarla (tras recibir los productos o servicios). La factura se debe abonar en el plazo de 14 (catorce) días a partir de la fecha de la misma."
"You must check this box to indicate that you agree to the terms and conditions.","Debe marcar esta casilla para indicar que acepta los términos y condiciones."
"According to our system","De acuerdo con nuestro sistema, ha cancelado el pago. Si no es así, póngase en contacto con nosotros."
"Default Configuration","Configuración predeterminada"
"Credit Management Enabled","Credit Management activado"
"Credit Management Scheme Key. It can be found <a href="https://plaza.buckaroo.nl/Invoices/Scheme" target="_blank">here</a>. This requires the Buckaroo Credit Management subscription.","Clave del plan de Credit Management. Se encuentra <a href="https://plaza.buckaroo.nl/Invoices/Scheme" target="_blank">aquí</a>. Para ello, es necesaria suscribirse a Credit Management de Buckaroo."
"Credit Management payment methods","Métodosde pago Credit Management"
"Credit management steps","Pasos de Credit management"
"Max level of the Credit Management steps.","Nivel máx. de pasos de Credit Management"
"Credit Management Due date","Fecha de vencimiento de Credit Management"
"The amount of days after the order date","El número de días, a partir de la fecha del pedido, después de los que se iniciará el plan de Credit Management."
"PayPerEmail payment methods","Métodosde pago de PayPerEmail"
"Show other active payment methods","Mostrar otros métodosde pago activos"
"Select which paymethod can be used at PayPerEmail.","Seleccione el método de pago que se puede usar en PayPerEmail."
"Select which payment methods can be used after the payment due date.","Seleccione los métodos de pago que se pueden usar después de la fecha de vencimiento del pago."
"Billing First Name:","Nombre (factura):"
"Billing Last Name:","Apellidos (factura):"
"Email:","Correo electrónico:"
"Frontend","Front-end"
"Backend","Back-end"
"Frontend and Backend","Front-end y Back-end"
"Black","Negro"
"White","Blanco"
"White outline","Contorno blanco"
"Select where this payment method will be available.","Seleccione dónde estará disponible este método de pago."
"Cannot Refund via Magento Backend. Partial refunds combined with a payment fee can only be refunded via the Buckaroo Payment Plaza","No se puede efectuar el reembolso a través del back-end de Magento. Los reembolsos parciales combinados con una tarifa de pago solo se pueden reembolsar a través de Payment Plaza de Buckaroo. Consulte <a href="https://support.buckaroo.nl" target="_blank">Artículo de Buckaroo Docs</a>.<br><a href="https://plaza.buckaroo.nl" target="_blank">Abrir Payment Plaza de Buckaroo en una ventana nueva</a>."
"Cannot refund this order via Magento Backend for now","En este momento no se puede efectuar el reembolso de este pedido a través del back-end de Magento. ¡ Estamos buscando una solución! Los reembolsos de los pedidos de Credit Management solo se pueden efectuar a través de Payment Plaza de Buckaroo.<br><a href="https://plaza.buckaroo.nl" target="_blank">Abrir Payment Plaza de Buckaroo en una ventana nueva</a>."
"Webshops","Tiendas en línea"
"Extensions","Extensiones"
"Commerce","Comercio"
"Your PHP version","Su versión de PHP"
"Your order has been placed successfully.","Su pedido se ha realizado correctamente."
"The payment methods of the Buckaroo Extension can be found under","Los métodosde pago de la extensión de Buckaroo se encuentran en"
"Configuration > Sales > Payment Methods > Buckaroo","Configuración > Ventas > Métodosde pago > Buckaroo"
"You have canceled the order. We kindly ask you to not complete the payment in the Payconiq app - Your order will not be processed. Place the order again if you still want to make the payment.","Ha cancelado el pedido. Le rogamos que no complete el pago en la aplicación de Payconiq. Su pedido no se va a procesar. Si aún desea efectuar el pago, vuelva a realizar su pedido."
"Language","Idioma"
"Dutch","Neerlandés"
"English","Inglés"
"There was no transaction ID found","No se ha encontrado una ID de transacción"
"Digital Debit Authorization","Autorización de adeudo digital"
"Enable Digital Debit Authorization","Activar la autorización de adeudo digital"
"Type authorization","Autorización de tipo"
"One-Off","Puntual"
"Recurring","Frecuente"
"One-Off means that the authorization can be used for an one-off direct debit. Recurring means that the authorization will be used for multiple direct debits.","'Puntual' significa que la autorización se puede usar para un adeudo digital puntual. 'Frecuente' significa que la autorización se puede usar para varios adeudos digitales."
"Authorization description","Descripción de la autorización"
"Enter a desciption that the customer will recognize as the authorization here","Introduzca una descripción que el cliente reconozca como la autorización aquí, por ejemplo, su tienda en línea o el nombre de su empresa."
"You have canceled the order. We kindly ask you to not complete the payment in the Payconiq app - Your order will not be processed. Place the order again if you still want to make the payment.","Ha cancelado el pedido. Le rogamos que no complete el pago en la aplicación de Payconiq. Su pedido no se va a procesar. Si aún desea efectuar el pago, vuelva a realizar su pedido."
"Identification number:","Número de identificación:"
"(Or click here for the French translation: <a target=\"_blank\" href=\"%s\">terms and condition</a>.)","(O haga clic aquí para ver la traducción en francés: <a target=\"_blank\" href=\"%s\">Términos y condiciones</a>.)"
"You have canceled the order. We kindly ask you to not complete the payment in the Payconiq app - Your order will not be processed. Place the order again if you still want to make the payment.","Ha cancelado el pedido. Le rogamos que no complete el pago en la aplicación de Payconiq. Su pedido no se va a procesar. Si aún desea efectuar el pago, vuelva a realizar su pedido."
"Or CVV or CVC.","O CVV o CVC."
"A 3 or 4 digit code located to the right of signature strip on the back of your card","Un código de 3 o 4 dígitos situado a la derecha del espacio de la firma, que se encuentra en la parte trasera de la tarjeta, separado del número de la misma."
"Year:","Año:"
"Month:","Mes:"
"Card:","Tarjeta:"
"Card number:","Número de tarjeta:"
"Name on card:","Titular de la tarjeta:"
"Cvc / Cvv Code:","Código CVV o CVC:"
"Please make sure all fields are filled in correctly before proceeding.","Antes de continuar, compruebe que ha rellenado todos los campos correctamente."
"Orders with discount and paid with Klarna can not be partially invoiced. %1 More Information %2","Los pedidos con descuento y abonados a través de Klarna no se pueden facturar en pagos fraccionados. %1 Más información %2"
"Select a card","Seleccione una tarjeta"
"Select a month","Seleccione un mes"
"Select a year","Seleccione un año"
"Card:","Tarjeta:"
"Security Code:","Código de seguridad:"
"Select a card","Seleccione una tarjeta"
"Select a month","Seleccione un mes"
"Select a year","Seleccione un año"
"Enable Apple Pay","Activar Apple Pay"
"Your payment could not be processed","No se ha podido procesar el pago"
"Capayable Postpay","Capayable Postpay"
"Enable In3","Activar In3"
"Enable Capayable Postpay","Activar Capayable Postpay"
"In3 version","Versión de In3"
"The In3 version can be found in your Capayable contract.","La versión de In3 se encuentra en su contrato de Capayable."
"Product Page","Página de producto"
"Card","Tarjeta"
"Error: postcode is required","Error: el código postal es obligatorio"
"Delivery costs","Costes de entrega"
"Discount","Descuento"
"Service costs","Costos de servicios"
"Discount on","Descuento en"
"Shipping fee","Tarifa de envío"
"Your paid successfully. Please finish your order","El pago se ha realizado correctamente. Finalice el pedido"
"Apply Gift Card","Aplicar tarjeta regalo"
"Pay remaining amount: %1 %2","Pagar el importe restante: %1 %2"
"A partial payment of %1 %2 was successfully performed on a requested amount. Remainder amount %3 %4","Se ha realizado correctamente un pago fraccionado de %1 %2 sobre un importe solicitado. Importe restante: %3 %4"
"Paid with","Pagado con"
"Follow the instructions on the payment terminal","Siga las instrucciones indicadas en el terminal de pago"
"Your order will be completed as soon as payment has been made","Su pedido se completará una vez que se haya realizado el pago"
"The transaction has not been completed","La transacción no se ha completado. Inténtelo de nuevo"
"Cancel","Cancelar"
"Credit card","Tarjeta de crédito"
"Bancontact card","Tarjeta Bancontact"
"Mobile application","Aplicación móvil"
"You have canceled the order. We kindly ask you to not complete the payment in the Bancontact app - Your order will not be processed. Place the order again if you still want to make the payment.","Ha cancelado el pedido. Le rogamos que no complete el pago en la aplicación de Bancontact. Su pedido no se va a procesar. Si aún desea efectuar el pago, vuelva a realizar su pedido."
"Scan the code below within 15 minutes with the ","Escanee el código que aparece a continuación en un plazo de 15 minutos con el/la"
"Bancontact app","Aplicación de Bancontact"
"You must be 18 or older to pay for the products below","Debe tener 18 años o más para pagar los productos que aparecen a continuación"
"Age verification","Comprobación de edad"
"Verify your age via iDIN","Confirme su edad a través de iDIN"
"Select your bank","Seleccione su banco"
"Card number or pin not valid","El número de tarjeta o el PIN no es válido"
"Check with Buckaroo whether Client Side Encryption is enabled","Consulte a Buckaroo si está activado el cifrado de datos desde el cliente. Si no es así, se producirán errores en las transacciones. Si tiene alguna duda, póngase en contacto con nosotros."
"An anti-fraud rule has blocked this transaction automatically. Please contact the webshop.","Una regla antifraude ha bloqueado automáticamente esta transacción. Póngase en contacto con la tienda en línea."
"The refund has been initiated but it is waiting for a approval. Login to the Buckaroo Plaza to finalize the refund by approving it.","Se ha iniciado el proceso de reembolso, pero está pendiente de aprobación. Inicie sesión en Buckaroo Plaza para aprobar el reembolso y finalizarlo."
"PIN / Security code:","PIN / Código de seguridad:"
"-- Please Select Your Gender--","Por favor seleccione su género"
"Enabling this feature adds the option to hide this payment method after a certain number of failed attempts.","Habilitar esta función agrega la opción de ocultar este método de pago después de una cierta cantidad de intentos fallidos."
"When this number is exceeded, the payment method will be hidden. Minimum 1, maximum 10.","Cuando se supere este número, los métodos de pago se ocultarán. Mínimo 1, máximo 10."
"This message is shown when the payment method is hidden. Maximum 280 characters.","Este mensaje se muestra cuando el método de pago está oculto. Máximo 280 caracteres."
"Show Issuer Selection in the Checkout","Mostrar la selección de banco en el proceso de compra."
"When the \"NO\" option is selected, the issuer selection for iDEAL will not be displayed in the checkout. Instead, customers will be redirected to a separate page where they can choose their iDEAL issuer (i.e., their bank). On the other hand, selecting the "Enable" option will display the issuer selection directly in the checkout. It's important to note that enabling this option will incur additional costs from Buckaroo. For precise cost details, please reach out to <a href=\"mailto:wecare@buckaroo.nl\">Buckaroo</a> directly.","Cuando se selecciona la opción \"NO\", la selección del emisor para iDEAL no se mostrará en el proceso de compra. En cambio, los clientes serán redirigidos a una página separada donde podrán elegir su emisor de iDEAL (es decir, su banco). Por otro lado, seleccionar la opción "Habilitar" mostrará la selección del emisor directamente en el proceso de compra. Es importante señalar que habilitar esta opción implicará costos adicionales por parte de Buckaroo. Para obtener detalles precisos sobre los costos, por favor comuníquese directamente con <a href=\"mailto:wecare@buckaroo.nl\">Buckaroo</a>."
"iDEAL Fast Checkout","Pago rápido iDEAL"
"Enable","Habilitado"
"Disable","Deshabilitado"
"Enable or disable the iDEAL Fast Checkout button.","Habilitar o deshabilitar el botón de pago rápido iDEAL."
"iDEAL Fast Checkout logo visibility","Visibilidad del logo de pago rápido iDEAL"
"iDEAL Fast Checkout logo scheme","Esquema de color del logo de pago rápido iDEAL"
"Select the iDEAL fast checkout button (text) color.","Seleccione el color del botón de pago rápido iDEAL (texto)."
"Select where you want the button to be visible. Multiple options can be selected at the same time.","Seleccione dónde desea que el botón sea visible. Se pueden seleccionar varias opciones al mismo tiempo."
"Cart","Carrito"
"Light","Claro"
"Dark","Oscuro"
"Unable to create quote.","No se pudo crear la cotización."
"An error occurred while processing your order","Se produjo un error al procesar su pedido"
"Cannot create payment","No se puede crear el pago"
"Failed to create quote","No se pudo crear la cotización"
"Failed to add address to quote","No se pudo añadir la dirección a la cotización"
