"Buckaroo payment methods","Metodi di pagamento Buckaroo"
"The CVC/CVV code is a 3 or 4-digit security code on your credit card.","Il codice CVC/CVV è un codice di sicurezza di 3 o 4 cifre sulla tua carta di credito."
"Buckaroo Payment Methods","Metodi di pagamento Buckaroo"
"iDEAL | Wero","iDEAL | Wero"
"Enable iDEAL | Wero","Abilita iDEAL | Wero"
"Enable or disable this payment method.","Abilita o disabilita questo metodo di pagamento."
"Title","Titolo"
"The payment method name shown during checkout. If empty, the default title is used.","Il nome del metodo di pagamento mostrato durante il checkout. Se questo campo è vuoto, viene utilizzato il titolo predefinito."
"Display Subtext","Mostra sottotesto"
"Enable or disable subtext display during checkout.","Abilita o disabilita la visualizzazione del sottotesto durante il checkout."
"Subtext Content","Contenuto del sottotesto"
"This controls the description which the user sees during checkout.","Puoi anche impostare una descrizione aggiuntiva del metodo di pagamento che viene mostrata sotto il nome del metodo di pagamento, ad esempio 'Paga dopo'."
"Subtext Style","Stile del carattere del sottotesto"
"Choose a font style for the subtext.","Scegli uno stile di carattere per far risaltare la descrizione, oppure usa il valore predefinito 'Regular'."
"Subtext Color","Colore del carattere del sottotesto"
"Choose a font color for the subtext.","Adatta il colore del testo della descrizione per farlo risaltare meglio."
"Sort Order","Ordine dei metodi di pagamento"
"Determines the sorting of payment methods.","Modifica l'ordine dei metodi di pagamento così come vengono mostrati nel checkout."
"Payment Flow","Flusso di pagamento"
"Whether to use separate authorize and capture calls or to use a combined 'pay' call.","Se effettuare chiamate separate di autorizzazione e cattura oppure utilizzare una chiamata combinata 'pay'."
"Method Specific Configuration","Configurazione specifica del metodo"
"Consumer Financial Warning","Avviso finanziario per il consumatore"
"Due to the regulations for BNPL methods in The Netherlands you'll  have to warn customers about using a BNPL plan because it can be easy to get into debt. When enabled a warning will be showed in the checkout. Please note that this setting only applies for customers in The Netherlands.","A causa delle normative sui metodi BNPL nei Paesi Bassi, è necessario avvisare i clienti sull'utilizzo di un piano BNPL perché può facilmente portare a debiti. Quando questa funzione è abilitata, verrà mostrato un avviso durante il checkout. Tieni presente che questa impostazione si applica solo ai clienti nei Paesi Bassi."
"Advanced Configuration","Configurazione avanzata"
"Send Order Confirmation Email","Invia e-mail di conferma ordine"
"Enable to send an order confirmation email to the customer when the creating of the order is successful. Specific for this payment method.","Attiva per inviare un'e-mail di conferma ordine al cliente quando la creazione dell'ordine ha avuto successo. Specifico per questo metodo di pagamento."
"Payment Fee","Commissione di pagamento"
"The above amount is calculated based on de Tax settings in Buckaroo > Settings > Buckaroo Payment Fee Tax Class.","L'importo sopra indicato viene calcolato in base alle impostazioni fiscali in Buckaroo > Settings > Buckaroo Payment Fee Tax Class."
"Payment Fee Frontend Label","Etichetta frontend della commissione di pagamento"
"This label will be displayed next to the fee on the checkout, order, invoice and creditmemo pages and pdfs.","Questa etichetta verrà mostrata accanto alla commissione nelle pagine di checkout, ordine, fattura e nota di credito e nei PDF."
"Max Order Amount","Importo massimo ordine"
"Maximum order amount allowed.","Il metodo di pagamento non viene mostrato sopra l'importo massimo."
"The payment method shows only for orders with an order amount smaller than the maximum amount.","Il metodo di pagamento viene mostrato solo per ordini con un importo totale inferiore al valore massimo."
"Min Order Amount","Importo minimo ordine"
"Minimum order amount allowed.","Il metodo di pagamento non viene mostrato sotto l'importo minimo."
"The payment method shows only for orders with an order amount greater than the minimum amount.","Il metodo di pagamento viene mostrato solo per ordini con un importo totale superiore al valore minimo."
"Method Specific Status Enabled","Stato specifico del metodo abilitato"
"Enable or disable specific status.","Abilita o disabilita lo stato specifico."
"Method Specific Success Status","Stato 'successo' specifico del metodo"
"Leave empty to use default 'success' status.","Lascia vuoto per utilizzare lo stato predefinito 'success'."
"Method Specific Failed Status","Stato 'fallito' specifico del metodo"
"Leave empty to use default 'failed' status.","Lascia vuoto per utilizzare lo stato predefinito 'failed'."
"To make a new status available it needs to be assigned to the correct state. See Magento documentation about state and status.","Per rendere disponibile un nuovo stato, deve essere assegnato allo stato corretto. Consulta la documentazione Magento su state e status."
"Allowed Currencies","Valute consentite"
"Select payment method specific currencies.","Seleziona le valute specifiche per il metodo di pagamento."
"Your contract with Buckaroo must allow for the selected currencies to be used with this payment method.","Il tuo contratto con Buckaroo deve consentire l'utilizzo delle valute selezionate con questo metodo di pagamento."
"Allowed Countries","Paesi consentiti"
"Payment from Applicable Countries","Pagamento dai paesi applicabili"
"Payment from Specific Country","Pagamento da un paese specifico"
"Only available when set to 'specific countries'.","Disponibile solo quando è selezionata l'opzione 'paesi specifici'."
"Display Only for Selected IPs","Mostra solo per IP selezionati"
"Show method only to Magento set IPs.","Mostra il metodo solo agli IP configurati in Magento."
"Magento developer client restrictions.","Mostra questo metodo di pagamento solo agli IP Magento selezionati. Questa opzione è destinata agli sviluppatori quando si desidera testare un metodo di pagamento specifico senza mostrarlo pubblicamente."
"Credit and debit cards","Carte di credito e di debito"
"Enable credit and debit cards","Abilita carte di credito e di debito"
"Allowed Credit and Debit Cards","Carte di credito e di debito consentite"
"Select payment method specific Credit and debit card.","Seleziona carte di credito e di debito specifiche per il metodo di pagamento."
"Select payment method specific Credit and debit card. At least one card must be selected.","Seleziona carte di credito e di debito specifiche per il metodo di pagamento. Deve essere selezionata almeno una carta."
"Hosted Fields Placeholder Configuration","Configurazione placeholder Hosted Fields"
"Cardholder Name Placeholder","Placeholder nome titolare carta"
"Card Number Placeholder","Placeholder numero carta"
"Expiry Date Placeholder","Placeholder data di scadenza"
"Customize the placeholder text for the cardholder name field.","Personalizza il testo placeholder per il campo nome del titolare della carta."
"Customize the placeholder text for the card number field.","Personalizza il testo placeholder per il campo numero carta."
"Customize the placeholder text for the expiry date field.","Personalizza il testo placeholder per il campo data di scadenza."
"Customize the placeholder text for the CVC field.","Personalizza il testo placeholder per il campo CVC."
"Hosted Fields Styling Configuration","Configurazione stile Hosted Fields"
"Input Field Text Color","Colore del testo del campo di input"
"Background Color","Colore di sfondo"
"Border Color","Colore del bordo"
"Placeholder Color","Colore del placeholder"
"Font Size","Dimensione del carattere"
"Font Family","Famiglia del carattere"
"Border Radius","Raggio del bordo"
"Color for the text typed inside credit card input fields. This is different from the payment method description color above.","Il colore del testo digitato nei campi di inserimento della carta di credito. È diverso dal colore della descrizione del metodo di pagamento sopra."
"Background color for hosted fields.","Colore di sfondo per gli hosted fields."
"Border color for hosted fields.","Colore del bordo per gli hosted fields."
"Color for placeholder text in hosted fields.","Colore del testo placeholder negli hosted fields."
"Font size for hosted fields (e.g., "14px", "16px").","Dimensione del carattere per gli hosted fields (ad es. "14px", "16px")."
"Font family for hosted fields.","Famiglia di caratteri per gli hosted fields."
"Border radius for hosted fields (e.g., "5px", "10px").","Raggio del bordo per gli hosted fields (ad es. "5px", "10px")."
"American Express Specific","Specifico American Express"
"Verify address","Verifica indirizzo"
"Set true to verify the address at American Express. Set false to disable address verification","Imposta su 'sì' per verificare l'indirizzo presso American Express. Imposta su 'no' per disabilitare la verifica dell'indirizzo."
"Maestro Specific","Specifico Maestro"
"Mastercard Specific","Specifico Mastercard"
"No SecureCode order status","Stato ordine senza SecureCode"
"Set no SecureCode orders onhold","Metti in sospeso gli ordini senza SecureCode"
"Hold orders which have no MasterCard SecureCode.","Gli ordini senza MasterCard SecureCode vengono messi in sospeso."
"Visa Specific","Specifico Visa"
"No 3D Secure order status","Stato ordine senza 3D Secure"
"Set no 3D Secure orders onhold","Metti in sospeso gli ordini senza 3D Secure"
"Hold orders which are not 3D Secure.","Gli ordini senza 3D Secure by Visa vengono messi in sospeso."
"Paypal","Paypal"
"Enable Paypal","Abilita Paypal"
"Seller Protection Enabled","Abilita protezione venditore"
"WARNING: Paypal Seller Protection requires additional configuration. Please consult Buckaroo for more information.","ATTENZIONE: la protezione venditore PayPal richiede una configurazione aggiuntiva. Contatta Buckaroo per maggiori informazioni."
"Seller Protection Eligible","Protezione venditore completamente concessa"
"Seller Protection For Unauthorized Payment And Item Not Received","Protezione venditore concessa per pagamento non autorizzato e articolo non ricevuto"
"Seller Protection Item Not Received","Protezione venditore articolo non ricevuto"
"Seller Protection For Item Not Received","Protezione venditore concessa per articolo non ricevuto"
"Seller Protection Unauthorized Payment","Protezione venditore pagamento non autorizzato"
"Seller Protection For Unauthorized Payment","Protezione venditore concessa per pagamento non autorizzato"
"Seller Protection Ineligible","Nessuna protezione venditore"
"Merchant Is Not Protected By Seller Protection","L'esercente non è protetto dalla protezione venditore"
"Bank Transfer","Bonifico bancario"
"Enable Bank Transfer","Abilita bonifico bancario"
"Payment Method Logo","Logo del metodo di pagamento"
"Logo Preview","Anteprima logo"
"Generic Bank Logo (Default)","Logo banca generico (predefinito)"
"SEPA Credit Transfer Logo","Logo bonifico SEPA"
"Select the logo displayed for the Bank Transfer payment method. The Generic Bank Logo is recommended for stores selling internationally. The SEPA Credit Transfer Logo is recommended for stores selling in Europe. This setting affects visual display only.","Seleziona il logo mostrato per il metodo di pagamento Bonifico Bancario. Il logo banca generico è consigliato per i negozi che vendono a livello internazionale. Il logo bonifico SEPA è consigliato per i negozi che vendono in Europa. Questa impostazione influisce solo sulla visualizzazione."
"Bank Transfer Logo Preview","Anteprima logo bonifico bancario"
"Send Payment Instruction Email","Invia e-mail con istruzioni di pagamento"
"Buckaroo sends an email to the customer with the payment procedures.","Buckaroo invia un'e-mail al cliente con le istruzioni di pagamento."
"Set to 'No' the customer is informed once online.","Se è selezionato 'No', il cliente viene informato una sola volta dopo il completamento dell'ordine."
"Due Date (in Days)","Scadenza (in giorni)"
"The number of days after the order date shown as a reference due date in the bank transfer email template in Buckaroo Plaza. Late payments cannot be rejected.","Il numero di giorni dopo la data dell'ordine mostrato come data di scadenza di riferimento nel template e-mail del bonifico in Buckaroo Plaza. I pagamenti tardivi non possono essere rifiutati."
"Use credit management","Usa 'credit management'"
"Buckaroo sends payment reminders to the customer.","Buckaroo invia promemoria di pagamento al cliente."
"Contact Buckaroo before activating Credit Management. By default this is excluded in the contract.","Contatta Buckaroo prima di attivare il Credit Management. Per impostazione predefinita è escluso dal contratto."
"Invoice delay (in days)","Ritardo fattura (in giorni)"
"Specify the amount of days before Buckaroo invoices the order and sends out the payment mail.","Indica il numero di giorni tra l'ordine e la richiesta di pagamento."
"Max reminder level","Livello massimo di promemoria"
"Select the maximum reminder level buckaroo will use.","Seleziona il livello massimo di promemoria che Buckaroo applicherà."
"SEPA direct debit","Addebito diretto SEPA"
"Enable SEPA direct debit","Abilita addebito diretto SEPA"
"Bancontact","Bancontact"
"Enable Bancontact","Abilita Bancontact"
"Please enter a valid BIC number","Inserisci un numero BIC valido"
"Please select a issuer from the list","Seleziona una banca dall'elenco"
"Belfius","Belfius"
"Enable Belfius","Abilita Belfius"
"Blik","Blik"
"Enable Blik","Abilita Blik"
"Alipay","Alipay"
"Enable Alipay","Abilita Alipay"
"WeChatPay","WeChatPay"
"Enable WeChatPay","Abilita WeChatPay"
"P24","P24"
"Przelewy24","Przelewy24"
"Enable Przelewy24","Abilita Przelewy24"
"Trustly","Trustly"
"Enable Trustly","Abilita Trustly"
"Refunding","Rimborso"
"Enable or disable refunding.","Abilita o disabilita la possibilità di rimborsi tramite Buckaroo. Quando abilitato, puoi elaborare rimborsi online tramite Buckaroo creando una nota di credito in Magento."
"Set to 'No' refunds must be done manualy in Buckaroo Plaza.","Se è selezionato 'No', le note di credito in Magento non saranno disponibili in Buckaroo Plaza."
"Push Buckaroo Plaza Refunds to Magento","Accetta rimborsi Buckaroo Plaza in Magento"
"Allow 2-way refunding from Magento and Buckaroo Plaza.","Elabora in Magento i rimborsi creati in Buckaroo Plaza. In Magento verrà quindi creata anche una nota di credito."
"Enabled","Abilitato"
"Yes","Sì"
"No","No"
"Enable or disable the Buckaroo plugin.","Abilita o disabilita il plugin Buckaroo."
"Secret key","Chiave segreta"
"Enter your Buckaroo Secret Key.","Inserisci la tua 'Secret Key' Buckaroo."
"The Secret Key can be retrieved in the Buckaroo Plaza under Settings > Secret Key. For support contact Buckaroo.","La Secret Key può essere recuperata in Buckaroo Plaza sotto Impostazioni > Secret Key. Per supporto contatta Buckaroo."
"Store key","Chiave store"
"Enter your Buckaroo store key.","Inserisci la tua store key Buckaroo."
"The Store key can be retrieved in the Buckaroo Plaza under Settings > Websites. For support contact Buckaroo.","La Store key può essere recuperata in Buckaroo Plaza sotto Impostazioni > Websites. Per supporto contatta Buckaroo."
"(Merchant) guid","(Merchant) guid"
"Enter your Buckaroo merchant guid.","Inserisci il tuo merchant guid Buckaroo."
"The (Merchant) Guid can be retrieved in Buckaroo Plaza under My Buckaroo > Details > Guid. For support contact Buckaroo.","Il '(Merchant) Guid' può essere recuperato in Buckaroo Plaza sotto Il mio Buckaroo > Dettagli > Guid. Per supporto contatta Buckaroo."
"Transaction label","Descrizione transazione"
"The transaction description in Buckaroo Plaza.","La descrizione della transazione in Buckaroo Plaza."
"These options are only intended for expert users. Tampering with the default settings may negatively affect the workflow and performance of all Buckaroo payment methods. Use at your own risk.","Queste impostazioni sono destinate solo a utenti esperti. Modificare le impostazioni predefinite può influire negativamente sul funzionamento e sulle prestazioni di tutti i metodi di pagamento Buckaroo. Usale a tuo rischio."
"New status","Nuovo stato"
"This status will be given to new orders.","Questo stato verrà assegnato ai nuovi ordini."
"Pending payment status","Stato pagamento in sospeso"
"This status will be given to orders pending payment.","Questo stato verrà assegnato agli ordini in attesa di pagamento."
"Payment success status","Stato pagamento riuscito"
"This status will be given to orders paid.","Questo stato verrà assegnato agli ordini pagati."
"Payment failed status","Stato pagamento fallito"
"This status will be given to unsuccessful orders.","Questo stato verrà assegnato agli ordini non riusciti."
"Send transactional invoice email","Invia e-mail fattura transazionale"
"Send a mail after successful creating the order.","Invia un'e-mail dopo la corretta creazione dell'ordine."
"Please enter a valid bank account holder name","Inserisci un nome valido del titolare del conto"
"Please enter a valid bank account number","Inserisci un numero di conto valido"
"Create Invoice After Success","Crea fattura dopo 'successo'"
"If set to 'No' the order is not invoiced.","Se è selezionato 'No', l'ordine non viene fatturato."
"Payment Success Status Without Invoice","Stato successo pagamento senza fattura"
"Redirect Url After 'Success'","URL di reindirizzamento dopo 'Success'"
"Redirect after successful payments.","URL di reindirizzamento dopo un pagamento riuscito."
"Redirect Url After 'Failure'","URL di reindirizzamento dopo 'Failure'"
"Redirect after failed payments.","URL di reindirizzamento dopo un pagamento fallito."
"'Canceled' State on Failed Payment","Stato 'Canceled' in caso di pagamento fallito"
"Orders will stay open after failed payments.","Gli ordini non vengono annullati dopo un pagamento rifiutato."
"Transaction data send as raw data.","L'e-mail contiene i dati grezzi."
"Fee percentage mode","Modalità percentuale commissione"
"This setting only applies to percentage-based Buckaroo fees.<br />Please choose over which amount the fee percentage is calculated.","Questa impostazione si applica solo alle commissioni Buckaroo basate su percentuale.<br />Scegli su quale importo viene calcolata la percentuale della commissione."
"Please enter these fields as they appear on your bank account.","Compila questi campi come appaiono sul tuo conto bancario."
"You will receive an email with further payment instructions when you place your order.","Dopo aver effettuato l'ordine riceverai un'e-mail con ulteriori istruzioni di pagamento."
"Legend","Legenda"
"Payment Method","Metodo di pagamento"
"Disabled","Disabilitato"
"Test Mode","Modalità test"
"Live Mode","Modalità live"
"Magento &amp; 3rd party version compatibility","Compatibilità versione Magento e terze parti"
"Magento version compatibility","Compatibilità versione Magento"
"Magento Community Edition version","Versione Magento Community Edition"
"Magento Enterprise Edition version","Versione Magento Enterprise Edition"
"Quick Reference Guide","Guida rapida"
"Log in to the ","Accedi a "
"Buckaroo Plaza","Buckaroo Plaza"
" to collect the following security settings:"," per raccogliere le seguenti impostazioni di sicurezza:"
"Support","Supporto"
"This extension is developed by Buckaroo.","Questa estensione è sviluppata da Buckaroo."
"Extension Basic Configuration and Account Information","Configurazione di base dell'estensione e informazioni account"
"Phone:","Telefono:"
"E-mail:","E-mail:"
"Extension Support and Advanced Configuration","Supporto estensione e configurazione avanzata"
"Online documentation and FAQ:","Documentazione online e FAQ:"
"Support Question:","Richieste di supporto:"
"Support by email:","Altre domande via e-mail:"
"Documentation","Documentazione"
"A list of documents regarding the extension.","Un elenco di documenti relativi all'estensione."
"Download a PDF format of the manual. Currently the manual is only available in English.","Scarica qui il manuale in formato PDF. Attualmente disponibile solo in inglese."
"View the complete changelog of the module. Currently the changelog is only available in Dutch.","Visualizza la panoramica completa delle modifiche. Attualmente disponibile solo in olandese."
"Installation Manual Buckaroo.pdf (NL)","Manuale di installazione e configurazione (NL)"
"Full Changelog","Panoramica completa delle modifiche"
"Selected card: %1","Carta selezionata: %1"
"Tax Class for Buckaroo Fee","Classe fiscale per la commissione Buckaroo"
"Display Buckaroo Fee Prices","Mostra commissione Buckaroo"
"Buckaroo","Buckaroo"
"Version &amp; Support","Versione e supporto"
"General configuration and account information","Configurazione generale e informazioni account"
"Debug information will be sent to these comma-separated email addresses","Le informazioni di debug verranno inviate a questi indirizzi e-mail separati da virgola"
"Debugging","Debug"
"Decide what to debug. Log files will be created within the var/log/Buckaroo/ directory.","Decidi cosa registrare. I file di log verranno creati nella directory var/log/Buckaroo/."
"Please enter a valid number: '%1'.","Inserisci un numero valido: '%1'."
"This sets whether buckaroo payment fee amounts entered from Magento Admin include tax","Determina se gli importi delle commissioni Buckaroo inseriti da Magento Admin includono l'IVA"
"Excluding Tax","Esclusa IVA"
"Including Tax","Inclusa IVA"
"Including and Excluding Tax","Inclusa ed esclusa IVA"
"None","Nessuno"
"All Allowed Countries","Tutti i paesi consentiti"
"Specific Countries","Paesi specifici"
"Do not log debug information","Non registrare informazioni di debug"
"Log to file","Registra su file"
"Off","Disattivato"
"Test","Modalità test"
"Live","Modalità live"
"Subtotal","Subtotale"
"Subtotal incl. tax","Subtotale incl. IVA"
"Grand Total","Totale"
"-- Please Select --","-- Seleziona --"
"Buckaroo refund is disabled","Il rimborso Buckaroo è disabilitato"
"Buckaroo refund push validation failed","La validazione push del rimborso Buckaroo è fallita"
"The credit memo\'s total must be positive.","Il totale della nota di credito deve essere positivo."
"Failed to create the creditmemo","Impossibile creare la nota di credito"
"Refund failed ! Status : %1 and the order does not contain an invoice","Rimborso fallito! Stato: %1 e l'ordine non contiene una fattura"
"Skipped handling this push, duplicate","Gestione di questo push saltata, duplicato"
"Signature from push is incorrect","La firma del push non è corretta"
"Signature from push is correct but the order can not receive updates","La firma del push è corretta ma l'ordine non può più ricevere aggiornamenti"
"There was no order found by transaction Id","Nessun ordine trovato con l'ID transazione"
"Invalid status send by buckaroo, but the payment amount was correct.","Stato non valido inviato da Buckaroo, ma l'importo da pagare era corretto"
"Order can not be invoiced","L'ordine non può essere fatturato"
"Buckaroo Pending Payment","Buckaroo in attesa di pagamento"
"Refund Reward Points","Punti fedeltà"
"Buckaroo Fee for Order","Commissione Buckaroo per ordini"
"order","ordine"
"Buckaroo Fee","Commissione Buckaroo"
"Place Order","Effettua ordine"
"Select a bank:","Seleziona una banca:"
"BIC number:","Codice BIC:"
"Select a Credit Card or Debit Card:","Seleziona una carta di credito o di debito:"
"Bank Account Holder","Nome del titolare del conto"
"Bank Account Number","Numero di conto (IBAN):"
"BIC Number","Codice BIC:"
"Disallowed file type.","Tipo di file non valido."
"Online refunds are currently disabled for Buckaroo payment methods.","I rimborsi online sono attualmente disabilitati per i metodi di pagamento Buckaroo"
"Adjustment Refund","Rimborso di rettifica"
"Adjustment Fee","Commissione di rettifica"
"Unfortunately an error occurred while processing your payment. Please try again. If this error persists, please choose a different payment method.","Si è verificato un errore durante l'elaborazione del pagamento. Riprova. Se l'errore persiste, scegli un altro metodo di pagamento."
"Riverty","Riverty"
"Enable Riverty","Abilita Riverty"
"Giftcard","Carte regalo"
"Enable Giftcard","Abilita carte regalo"
"PayPerEmail","PayPerEmail"
"Enable PayPerEmail","Abilita PayPerEmail"
"PayLink","PayLink"
"Enable PayLink","Abilita PayLink"
"Combined","Combinato"
"Separate authorize and capture","Autorizzazione e cattura separate"
"Payment flow","Flusso di pagamento"
"Eps","Eps"
"Enable Eps","Abilita Eps"
"Bizum","Bizum"
"Enable Bizum","Abilita Bizum"
"Knaken","Knaken"
"Enable Knaken","Abilita Knaken"
"Wero","Wero"
"Enable Wero","Abilita Wero"
"Swish","Swish"
"Enable Swish","Abilita Swish"
"Twint","Twint"
"Enable Twint","Abilita Twint"
"MBWay","MBWay"
"Enable MBWay","Abilita MBWay"
"Multibanco","Multibanco"
"Enable Multibanco","Abilita Multibanco"
"Blik","Blik"
"Enable Blik","Abilita Blik"
"Google Pay","Google Pay"
"Enable Google Pay","Abilita Google Pay"
"Enable Billink","Abilita Billink"
"Enable EPS","Abilita Eps"
"This is a required field.","Questo è un campo obbligatorio."
"You should be at least 18 years old.","Devi avere almeno 18 anni."
"Phone number should be correct.","Il numero di telefono deve essere corretto."
"Enter Valid IBAN","Inserisci un IBAN valido"
"Enter Valid BIC number","Inserisci un numero BIC valido"
" (Excl. Tax)"," (Escl. IVA)"
" (Incl. Tax)"," (Incl. IVA)"
"Please enter a valid currency: '%1'.","Inserisci una valuta valida: '%1'."
"Merchant is protected by PayPal Seller Protection Policy for both Unauthorized Payment and Item Not Received.","L'esercente è protetto dalla PayPal Seller Protection Policy sia contro pagamenti non autorizzati sia contro articoli non ricevuti."
"Merchant is protected by Paypal Seller Protection Policy for Item Not Received.","L'esercente è protetto dalla PayPal Seller Protection Policy contro articoli non ricevuti."
"Merchant is protected by Paypal Seller Protection Policy for Unauthorized Payment.","L'esercente è protetto dalla PayPal Seller Protection Policy contro pagamenti non autorizzati."
"Merchant is not protected under the Seller Protection Policy.","L'esercente non è protetto dalla Seller Protection Policy."
"Not enough paid: %1 has been transfered. Order grand total was: %2.","Importo insufficiente: %1 è stato trasferito. Il totale ordine era: %2."
"Too much paid: %1 has been transfered. Order grand total was: %2.","Importo eccessivo: %1 è stato trasferito. Il totale ordine era: %2."
"Buckaroo New","Buckaroo Nuovo"
"'%s' data type is invalid. String is expected.","Il tipo di dato '%s' non è valido. È prevista una stringa."
"Installation and Configuration Manual Buckaroo.pdf","Manuale di installazione e configurazione Buckaroo.pdf"
"View the complete release notes of the extension. Currently the release notes is only available in English.","Visualizza le note di rilascio complete dell'estensione. Attualmente disponibili solo in inglese."
"Full Release Notes","Note di rilascio complete"
"(Excluding Tax)","(Esclusa IVA)"
"(Including Tax)","(Inclusa IVA)"
"Salutation","Formula di cortesia"
"Mr.","Sig."
"Mrs.","Sig.ra"
"Unknown","Sconosciuto"
"He/him","Lui"
"She/her","Lei"
"They/them","Loro"
"I prefer not to say","Preferisco non dirlo"
"Billing Name:","Nome di fatturazione:"
"Telephone:","Numero di telefono:"
"Date of Birth:","Data di nascita:"
"Bank Account Number:","Numero di conto bancario (IBAN):"
"Business Model:","Modello di business:"
"B2C - Business to Consumer","B2C - Business to Consumer"
"B2B - Business to Business","B2B - Business to Business"
"COC Number:","Numero Camera di Commercio:"
"Company Name:","Nome azienda:"
"Cost Center:","Centro di costo:"
"VAT Number:","Partita IVA:"
"Terms and Conditions:","Termini e condizioni:"
"Please make sure all fields are filled in correctly before proceeding.","Assicurati che tutti i campi siano compilati correttamente prima di continuare."
"Not Applicable","Non applicabile"
"The general Terms and Conditions for the Riverty payment method apply. The privacy policy of Riverty can be found here.","Si applicano i Termini e le Condizioni generali per il metodo di pagamento Riverty. L'informativa sulla privacy di Riverty può essere trovata qui."
"Accept terms of use","Accetta termini di utilizzo"
"(DD/MM/YYYY)","(GG/MM/AAAA)"
"DD/MM/YYYY or DD-MM-YYYY","GG/MM/AAAA oppure GG-MM-AAAA"
"Any comments about this Beta release? <a target=\_blank\"" href=\""%s\""> Please let us know! </a>""","Hai commenti su questa release Beta? <a target=\_blank\"" href=\""%s\""> Faccelo sapere! </a>"""
"Buckaroo version","Versione Buckaroo"
"The transaction will be processed using %s.","Il pagamento verrà elaborato tramite %s."
"The order has already been processed.","L'ordine è già stato elaborato."
"push notification for refund has no success status, ignoring.","La notifica push per il rimborso non ha uno stato di successo, ignorata."
"Warning:","Avviso:"
"Due to compound rounding errors in Magento when using currencies other than the store's base currency when creating refunds, the amount that you refund may be several cents more or less than you intended. If you wish to make sure that the correct amount is refunded, please create an offline refund and then  use Buckaroo's Plaza to do the actual refund.","A causa di errori di arrotondamento cumulativi in Magento quando si effettuano rimborsi in una valuta diversa dalla valuta base del negozio, l'importo rimborsato può differire di alcuni centesimi da quello previsto. Se desideri assicurarti che venga rimborsato l'importo corretto, crea un rimborso offline e poi usa Buckaroo Plaza per effettuare il rimborso effettivo."
"support.buckaroo.nl","support.buckaroo.nl"
"Website","Sito web"
"www.buckaroo-payments.com","www.buckaroo.nl"
"Buckaroo Request Form","Modulo di richiesta Buckaroo"
"Buckaroo Knowledge Base","Knowledge Base Buckaroo"
"Dankort Specific","Specifico Dankort"
"Buckaroo Giftcards","Carte regalo Buckaroo"
"Giftcards","Carte regalo"
"Enable Giftcards","Abilita carte regalo"
"Allowed Giftcards","Carte regalo consentite"
"Select which giftcards are available in the checkout. You can add new giftcards within Magento at → Stores → Buckaroo Giftcards.","Seleziona quali carte regalo sono disponibili nel checkout. Puoi aggiungere nuove carte regalo in Magento tramite → Stores → Buckaroo Giftcards."
"These options will be presented to the customer after Buckaroo has received the order. If left blank, the available options will be based on which Buckaroo payment options you have enabled.","Queste opzioni verranno mostrate al cliente dopo che Buckaroo ha ricevuto l'ordine. Se lasciato vuoto, le opzioni disponibili dipenderanno dai metodi di pagamento Buckaroo attivati."
"Sort Giftcards","Ordine carte regalo"
"Giftcard Handling","Gestione carte regalo"
"How to show the giftcard payment method in the checkout. <br/><strong>Inline:</strong> giftcards are show seperate in checkout<br/><strong>Redirect:</strong> giftcards get redirected to the buckaroo checkout. <br/><strong>Important:</strong> Group giftcards can only be refunded from the Buckaroo Plaza.","Come mostrare il metodo di pagamento carte regalo nel checkout. <br/><strong>Inline:</strong> le carte regalo vengono mostrate separatamente nel checkout<br/><strong>Redirect:</strong> le carte regalo reindirizzano al checkout Buckaroo. <br/><strong>Importante:</strong> le carte regalo di gruppo possono essere rimborsate solo tramite Buckaroo Plaza."
"You have not yet added any giftcards","Non hai ancora aggiunto carte regalo"
"Add New Giftcard","Aggiungi nuova carta regalo"
"Service Code","Codice servizio"
"Name","Nome"
"Label","Etichetta"
"Save","Salva"
"Delete","Elimina"
"Save and Continue","Salva e continua"
"Edit Giftcard '%s'","Modifica carta regalo '%s'"
"Add Giftcard","Aggiungi carta regalo"
"This giftcard no longer exists.","Questa carta regalo non esiste più."
"The giftcard has been saved.","La carta regalo è stata salvata."
"The giftcard has been deleted.","La carta regalo è stata eliminata."
"My billing and shipping address are the same","Il mio indirizzo di fatturazione e spedizione sono uguali"
"Select a Credit Card or Debit Card","Seleziona una carta di credito o di debito"
"Salutation:","Formula di cortesia:"
"Send Payment Email","Invia e-mail di pagamento"
"Whether to use separate order/authorization and capture/invoice calls or to use a combined 'payment invitation' call.","Se utilizzare chiamate separate per ordine/autorizzazione e cattura/fattura oppure una chiamata combinata 'invito al pagamento'."
"The selected payment method does not support the selected currency or the store's base currency.","Il metodo di pagamento selezionato non supporta la valuta scelta o la valuta base del negozio."
"Invoice with id \%1\"" does not exist.""","Non esiste alcuna fattura con id \%1\""""
"The payment of the Customer's payment will be outsourced to Buckaroo. The invoice indicates how to pay the invoice (after reception of goods and/or services). The invoice must be paid within 14 (fourteen) days after the invoice date.","La gestione del pagamento del cliente è affidata a Buckaroo. La fattura indica come effettuare il pagamento (dopo la ricezione di beni e/o servizi). La fattura deve essere pagata entro 14 (quattordici) giorni dalla data della fattura."
"You must check this box to indicate that you agree to the terms and conditions.","Devi selezionare questa casella per indicare che accetti i termini e le condizioni."
"According to our system, you have canceled the payment. If this is not the case, please contact us.","Secondo il nostro sistema hai annullato il pagamento. Se non è così, contattaci."
"Payment cancelled. You can try again using the same or a different payment method.","Pagamento annullato. Puoi riprovare usando lo stesso o un altro metodo di pagamento."
"Customer returned using browser back button. Order left pending for push notification.","Il cliente è tornato indietro con il browser. L'ordine rimane in sospeso in attesa della notifica push."
"The request for updating shipping method is wrong.","La richiesta di aggiornamento del metodo di spedizione non è corretta."
"Default Configuration","Configurazione predefinita"
"Credit Management Enabled","Credit Management abilitato"
"Credit Management Scheme Key. It can be found <a href=""https://plaza.buckaroo.nl/Invoices/Scheme"" target=""_blank"">here</a>. This requires the Buckaroo Credit Management subscription.","Chiave schema Credit Management. Può essere trovata <a href=""https://plaza.buckaroo.nl/Invoices/Scheme"" target=""_blank"">qui</a>. Richiede l'abbonamento Buckaroo Credit Management."
"Credit Management payment methods","Metodi di pagamento Credit Management"
"Credit management steps","Fasi Credit Management"
"Max level of the Credit Management steps.","Livello massimo delle fasi Credit Management."
"Credit Management Due date","Scadenza Credit Management"
"The amount of days after the order date, after which the Credit Management scheme will start.","Numero di giorni dopo la data dell'ordine dopo i quali il Credit Management inizierà."
"PayPerEmail Payment Methods","Metodi di pagamento PayPerEmail"
"Show Other Active Payment Methods","Mostra altri metodi di pagamento attivi"
"Select which paymethod can be used at PayPerEmail.","Seleziona quali metodi di pagamento possono essere usati in PayPerEmail."
"Select which payment methods can be used after the payment due date.","Seleziona quali metodi di pagamento possono essere usati dopo la scadenza."
"Billing First Name:","Nome fatturazione:"
"Billing Last Name:","Cognome fatturazione:"
"Billing Middle Name:","Secondo nome fatturazione:"
"Not applicable","Non applicabile"
"Email:","E-mail"
"Frontend","Frontend"
"Backend","Backend"
"Frontend and Backend","Frontend e Backend"
"Black","Nero"
"White","Bianco"
"White outline","Contorno bianco"
"Select where this payment method will be available.","Seleziona dove questo metodo di pagamento sarà disponibile."
"Cannot Refund via Magento Backend. Partial refunds combined with a payment fee can only be refunded via the Buckaroo Plaza, see also the <a href=https://support.buckaroo.nl"" target=""_blank"">KB article</a>.<br><a href=""https://plaza.buckaroo.nl"" target=""_blank"">Open a new window to the Buckaroo Plaza</a>.""","Questo rimborso non è possibile. I rimborsi parziali combinati con commissioni possono essere effettuati solo tramite Buckaroo Plaza, vedi anche l'articolo <a href=https://support.buckaroo.nl"" target=""_blank"">KB</a>.<br><a href=""https://plaza.buckaroo.nl"" target=""_blank"">Apri Buckaroo Plaza</a>."""
"Cannot refund this order via Magento Backend for now, we are working on a solution! Credit Management orders can only be refunded via the Buckaroo Plaza.<br><a href=https://plaza.buckaroo.nl"" target=""_blank"">Open a new window to the Buckaroo Plaza</a>.""","","Questo rimborso non è attualmente possibile, stiamo lavorando a una soluzione! I rimborsi Credit Management possono essere effettuati solo tramite Buckaroo Plaza.<br><a href=https://plaza.buckaroo.nl"" target=""_blank"">Apri Buckaroo Plaza</a>."""
"Webshops","Webshop"
"Extensions","Estensioni"
"Commerce","Commerce"
"Your PHP version","La tua versione PHP"
"Your order has been placed successfully.","Il tuo ordine è stato effettuato con successo."
"The payment methods of the Buckaroo Extension can be found under","I metodi di pagamento dell'estensione Buckaroo si trovano sotto"
"Configuration > Sales > Payment Methods > Buckaroo","Configurazione > Vendite > Metodi di pagamento > Buckaroo"
"Language","Lingua"
"Dutch","Olandese"
"English","Inglese"
"There was no transaction ID found","Nessun ID transazione trovato"
"Digital Debit Authorization","Autorizzazione addebito digitale"
"Enable Digital Debit Authorization","Abilita autorizzazione addebito digitale"
"Type authorization","Tipo autorizzazione"
"One-Off","Una tantum"
"Recurring","Ricorrente"
"One-Off means that the authorization can be used for an one-off direct debit. Recurring means that the authorization will be used for multiple direct debits.","Una tantum significa che l'autorizzazione può essere usata per un singolo addebito. Ricorrente significa che verrà usata per più addebiti."
"Authorization description","Descrizione autorizzazione"
"Enter a desciption that the customer will recognize as the authorization here, e.g. your webshop or company name.","Inserisci una descrizione riconoscibile per il cliente, ad esempio il nome del tuo webshop o azienda."
"Identification number:","Numero identificativo:"
"(Or click here for the French translation: <a target=\_blank\"" href=\""%s\"">terms and condition</a>.)""","(Oppure clicca qui per la traduzione francese: <a target=\_blank\"" href=\""%s\"">termini e condizioni</a>.)"""
"Or CVV or CVC.","Oppure CVV o CVC."
"A 3 or 4 digit code located to the right of signature strip on the back of your card, separate from the card number.","Un codice di 3 o 4 cifre situato a destra della banda di firma sul retro della carta, separato dal numero della carta."
"Year:","Anno:"
"Month:","Mese:"
"Card:","Carta:"
"Card number:","Numero carta:"
"Name on card:","Nome sulla carta:"
"Cvc / Cvv Code:","Codice Cvc / Cvv:"
"Orders with discount and paid with Klarna can not be partially invoiced. %1 More Information %2","Gli ordini con sconto e pagati con Klarna non possono essere fatturati parzialmente. %1 Maggiori informazioni %2"
"Select a card","Seleziona carta"
"Select a month","Seleziona mese"
"Select a year","Seleziona anno"
"Security Code:","Codice di sicurezza:"
"Enable Apple Pay","Abilita Apple Pay"
"Your payment could not be processed","Il tuo pagamento non è stato elaborato"
"Capayable Postpay","Capayable pagamento posticipato"
"Enable In3","Abilita In3"
"Enable Capayable Postpay","Abilita Capayable Postpay"
"In3 version","Versione In3"
"The In3 version can be found in your Capayable contract.","La versione In3 può essere trovata nel tuo contratto Capayable."
"Product Page","Pagina prodotto"
"Card","Carta"
"Error: postcode is required","Errore: il codice postale è obbligatorio"
"Delivery costs","Costi di consegna"
"Discount","Sconto"
"Shipping fee","Spese di spedizione"
"Service costs","Costi di servizio"
"Discount on","Sconto su"
"Your paid successfully. Please finish your order","Pagamento effettuato con successo. Completa il tuo ordine"
"Apply Gift Card","Applica carta regalo"
"Pay remaining amount: %1 %2","Paga importo restante: %1 %2"
"A partial payment of %1 %2 was successfully performed on a requested amount. Remainder amount %3 %4","Un pagamento parziale di %1 %2 è stato effettuato con successo sull'importo richiesto. Importo restante %3 %4"
"Paid with","Pagato con"
"Follow the instructions on the payment terminal","Segui le istruzioni sul terminale di pagamento"
"Your order will be completed as soon as payment has been made","Il tuo ordine sarà completato non appena il pagamento sarà effettuato"
"The transaction has not been completed, please try again","La transazione non è stata completata, riprova"
"Cancel","Annulla"
"Credit card","Carta di credito"
"Bancontact card","Carta Bancontact"
"Mobile application","Applicazione mobile"
"You have canceled the order. We kindly ask you to not complete the payment in the Bancontact app - Your order will not be processed. Place the order again if you still want to make the payment.","Hai annullato l'ordine. Ti chiediamo di non completare il pagamento nell'app Bancontact: l'ordine non verrà elaborato. Effettua nuovamente l'ordine se desideri pagare."
"Scan the code below within 15 minutes with the ","Scansiona il codice qui sotto entro 15 minuti con"
"Bancontact app","App Bancontact"
"You must be 18 or older to pay for the products below","Devi avere almeno 18 anni per pagare i prodotti sottostanti"
"Age verification","Verifica età"
"Verify your age via iDIN","Verifica la tua età tramite iDIN"
"Select your bank","Seleziona la tua banca"
"Card number or pin not valid","Numero carta o PIN non valido"
"Check with Buckaroo whether Client Side Encryption is enabled, otherwise transactions will fail. If in doubt, please contact us.","Verifica con Buckaroo se la crittografia lato client è abilitata, altrimenti le transazioni falliranno. In caso di dubbio, contattaci."
"An anti-fraud rule has blocked this transaction automatically. Please contact the webshop.","Una regola antifrode ha bloccato automaticamente questa transazione. Contatta il webshop."
"The refund has been initiated but it is waiting for a approval. Login to the Buckaroo Plaza to finalize the refund by approving it.","Il rimborso è stato avviato ma è in attesa di approvazione. Accedi a Buckaroo Plaza per completarlo approvandolo."
"Enabling this feature adds the option to hide this payment method after a certain number of failed attempts.","Attivando questa funzione aggiungi l'opzione per nascondere questo metodo di pagamento dopo un certo numero di tentativi falliti."
"When this number is exceeded, the payment method will be hidden. Minimum 1, maximum 10.","Quando questo numero viene superato, il metodo di pagamento verrà nascosto. Minimo 1, massimo 10."
"This message is shown when the payment method is hidden. Maximum 280 characters.","Questo messaggio viene mostrato quando il metodo di pagamento è nascosto. Massimo 280 caratteri."
"Pay rejected: It is not allowed to specify another country for the invoice and delivery address for Afterpay transactions.","Pagamento rifiutato: non è consentito specificare un paese diverso per l'indirizzo di fatturazione e consegna nelle transazioni Afterpay."
"-- Please Select Your Gender--","-- Seleziona il tuo genere --"
"Unfortunately the transaction was unsuccessful. Please try again or choose a different payment method.","Purtroppo la transazione non è andata a buon fine. Riprova o scegli un altro metodo di pagamento."
"E-mail","E-mail"
"Expiration:","Scadenza:"
"Invoice Handling","Gestione fattura"
"Create Invoice on Payment","Crea fattura al pagamento"
"Create Invoice on Shipment","Crea fattura alla spedizione"
"Select the moment when the invoice should be created.","Seleziona quando deve essere creata la fattura."
"Consumer Iban","IBAN cliente"
"Consumer Name","Nome cliente (titolare conto)"
"Customer Account Name","Nome conto cliente"
"Customer Bic","BIC cliente"
"Customer Iban","IBAN cliente"
"Transfer Amount","Importo da trasferire"
"Transfer Paymentreference","Riferimento pagamento"
"Transfer Accountholdername","Nome del beneficiario"
"Transfer Iban","IBAN del beneficiario"
"Transfer Bic","BIC del beneficiario"
"Waiting on consumer action","In attesa dell'azione del cliente"
"Transaction declined by processor: BAD_VALUE: Bad value: billing_address.family_name, shipping_address.family_name","Transazione rifiutata dal processore: valore non valido"
"Show Issuer Selection in the Checkout","Mostra selezione banca nel checkout"
"When the ""NO"" option is selected, the issuer selection for iDEAL will not be displayed in the checkout. Instead, customers will be redirected to a separate page where they can choose their iDEAL issuer (i.e., their bank). On the other hand, selecting the ""Enable"" option will display the issuer selection directly in the checkout. It's important to note that enabling this option will incur additional costs from Buckaroo. For precise cost details, please reach out to <a href=""mailto:wecare@buckaroo.nl"">Buckaroo</a> directly.","Quando è selezionata l'opzione ""NO"", la selezione banca per iDEAL non viene mostrata nel checkout. I clienti verranno reindirizzati a una pagina separata per scegliere la banca. Con ""Enable"", la selezione viene mostrata direttamente nel checkout. Nota: questa opzione comporta costi aggiuntivi."
"Gateway Settings","Impostazioni gateway"
"iDEAL | Wero Collecting (Default)","iDEAL | Wero Collecting (predefinito)"
"iDEAL Processing","iDEAL Processing"
"Choose whether you have a subscription for iDEAL Collecting (default) or a iDEAL Processing subscription directly to your bank.","Scegli se hai un abbonamento iDEAL Collecting (predefinito) o iDEAL Processing direttamente con la tua banca."
"Sort iDEAL banks","Ordine banche iDEAL"
"Sort PayByBank Banks","Ordine banche PayByBank"
"Sort Credit-Debitcard issuers","Ordine emittenti carte"
"Giftcard acquirer","Acquirer carte regalo"
"Select your giftcard supplier","Seleziona il fornitore carte regalo"
"iDIN can be used in different modes, based on when you want iDIN to be required as an additional verification.<br/><strong>Global Mode:</strong> Requires iDIN verification for all products.<br/><strong>Specific Products Mode:</strong> Enables iDIN for selected products via the Magento 2 catalog settings.<br/><strong>Product Categories Mode:</strong> Configures iDIN for specific product categories.","iDIN può essere usato in diverse modalità a seconda di quando vuoi richiedere la verifica.<br/><strong>Modalità globale:</strong> per tutti i prodotti.<br/><strong>Modalità prodotti specifici:</strong> per prodotti selezionati.<br/><strong>Modalità categorie:</strong> per categorie specifiche."
"You have canceled the payment request.","Hai annullato la richiesta di pagamento."
"Installed Version:","Versione installata:"
"Current Buckaroo version","Versione Buckaroo attuale"
"New version available","Nuova versione disponibile"
"How to update?","Come aggiornare?"
"Supported Versions:","Versioni supportate:"
"Magento versions","Versioni Magento"
"PHP versions","Versioni PHP"
"Documentation:","Documentazione:"
"Magento Documentation","Documentazione Magento"
"Additional Plugins:","Plugin aggiuntivi:"
"The Second Chance module makes it possible to follow up unpaid orders with one or two reminder emails. This extension to the Buckaroo Payment module ensures a higher conversion rate.","Il modulo Second Chance consente di seguire gli ordini non pagati con una o due e-mail di promemoria. Questa estensione del modulo Buckaroo Payment garantisce un tasso di conversione più elevato."
"Improves tracking allocation across various devices and browsers","Migliora l'assegnazione del tracciamento su diversi dispositivi e browser"
"Buckaroo GraphQL module adds GraphQL to provide an alternative to REST and SOAP web APIs for frontend development.","Il modulo Buckaroo GraphQL aggiunge GraphQL come alternativa alle API REST e SOAP per lo sviluppo frontend."
"We have seamlessly incorporated support for Hyvä Checkout, enhancing your payment experience with Buckaroo while enjoying quicker loading times.","Abbiamo integrato il supporto per Hyvä Checkout, migliorando l'esperienza di pagamento con Buckaroo e tempi di caricamento più rapidi."
"Hyvä offers the best performance and user experience, without the cost and overhead of a PWA.","Hyvä offre le migliori prestazioni ed esperienza utente senza i costi e la complessità di una PWA."
"No Buckaroo account yet? No problem.","Non hai ancora un account Buckaroo? Nessun problema."
"Click on the attached button to sign up for a (live) account.","Clicca sul pulsante allegato per registrarti a un account (live)."
"Get account","Crea account"
"Questions about Buckaroo, Magento 2 or the plugin?","Domande su Buckaroo, Magento 2 o il plugin?"
"Do not hesitate to contact us via <a href=""%1"">support@buckaroo.nl</a> or call <a href=""%2"">+31 (0)30 711 50 50</a>","Non esitare a contattarci via <a href=""%1"">support@buckaroo.nl</a> o chiamando <a href=""%2"">+31 (0)30 711 50 50</a>"
"Contact us","Contattaci"
"Contribute:","Contribuisci:"
"Contribute","Contribuisci"
"Do you see room for improvement? We look forward to your input!","Vedi margine di miglioramento? Attendiamo il tuo feedback!"
"Via Github you can submit a feature request or submit a pull request yourself with your proposed adjustments.","Tramite Github puoi inviare una richiesta di funzionalità o una pull request con le tue modifiche."
"General Information","Informazioni generali"
"Settings","Impostazioni"
"Payment Methods","Metodi di pagamento"
"Verification Methods","Metodi di verifica"
"The transaction description, shown in the Buckaroo Plaza and visible on bank account of consumers.","La descrizione della transazione mostrata in Buckaroo Plaza e visibile sull'estratto conto dei clienti."
"Available substitutions: <code>{order_number}</code>, <code>{shop_name}</code>, <code>{product_name}</code>(first product name)","Sostituzioni disponibili: <code>{order_number}</code>, <code>{shop_name}</code>, <code>{product_name}</code> (nome del primo prodotto)"
"Create Refund on Approve for Pending Approval Refunds","Crea rimborso dopo approvazione"
"Yes - Create CreditMemo after approve from Plaza <br> No - Create CreditMemo on Request with status ""Pending""","Sì - crea nota di credito dopo approvazione <br> No - crea nota di credito con stato ""In attesa"""
"Refund label","Etichetta rimborso"
"The refund description, shown in Buckaroo plaza and visible on bank account of consumers.","La descrizione del rimborso mostrata in Buckaroo Plaza e visibile sull'estratto conto."
"Adjust default order statuses","Modifica stati ordine predefiniti"
"Redirect After Payment Attempt","Reindirizza dopo tentativo di pagamento"
"Redirect to Checkout Payment Section After 'Failure'","Reindirizza alla sezione pagamento dopo errore"
"Payment Fees","Commissioni di pagamento"
"Email Settings","Impostazioni email"
"Send order confirmation email in sync mode","Invia conferma ordine in modalità sincrona"
"Helps to prevent order status conflicts between cron based (async) processing of emails and order status handling. Redefines ""General Settings / Asynchronous sending"" setting.","Aiuta a prevenire conflitti tra elaborazione email asincrona e gestione stati ordine."
"Send a mail after successful payment.","Invia un'email dopo pagamento riuscito."
"Decide what Logging Handler used","Seleziona il gestore log"
"Debug backtrace logging depth","Profondità debug backtrace"
"Depth for debug backtrace. Default 10","Profondità debug. Default 10"
"Log retention period","Periodo conservazione log"
"Decide what period will be for log retention","Definisci periodo conservazione log"
"Miscellaneous","Varie"
"Create Order Before Transaction","Crea ordine prima della transazione"
"This will create an order before setting up the transaction with Buckaroo.","Crea un ordine prima della transazione Buckaroo."
"Client IP Detection Headers","Header rilevamento IP"
"Optional HTTP headers what will be taken into account for client IP detection. Comma separated list of multiple values is allowed.","Header HTTP opzionali per rilevamento IP client."
"Add Customer Data to Request","Aggiungi dati cliente alla richiesta"
"When adding custom fields to your transaction request you have to also add them to your Buckaroo Plaza account. Click on read more for additional information about adding this fields to the Plaza.","Quando aggiungi campi personalizzati devi aggiungerli anche in Buckaroo Plaza."
"Keep Cart Alive","Mantieni carrello"
"Optional will restore the cart when consumer use back button","Ripristina carrello se utente torna indietro"
"Advanced Order Export for Giftcards","Export avanzato carte regalo"
"Advanced order export, added used gitcards","Export avanzato con carte regalo utilizzate"
"When adding custom fields to your transaction request you have to also add them to your Buckaroo <a href = ""https://plaza.buckaroo.nl/Configuration/Merchant/CustomFields"" target=""_blank""> Plaza </a> account. Click on <a href=""https://support.buckaroo.nl/categorie%C3%ABn/plugins/magento-2/faq-magento-2/add-custom-fields-to-transaction-requests"" target=""_blank""> read more </a> for additional information about adding this fields to the Plaza.","Quando aggiungi campi personalizzati devi aggiungerli anche al tuo account Buckaroo Plaza."
"Frontend Subtext","Sottotesto frontend"
"Frontend Subtext Style","Stile sottotesto frontend"
"Frontend Subtext Color","Colore sottotesto frontend"
"Allow Customer Groups","Consenti gruppi clienti"
"Method Visibility","Visibilità metodo"
"Method Specific Configuration","Configurazione specifica metodo"
"Enable or Disable Apple Pay Buttons","Abilita/disabilita pulsanti Apple Pay"
"Select which buttons you want to be active.","Seleziona quali pulsanti attivare."
"Button Style","Stile pulsante"
"What type of button you want to show.","Tipo di pulsante da mostrare."
"Button Style Preview","Anteprima pulsante"
"Do Not Ask for Billing Info in Checkout","Non richiedere dati fatturazione"
"In Apple Pay's popup billing info will not be requested. CustomerCardName will not be passed to gateway in such case.","In Apple Pay non verranno richiesti dati fatturazione."
"The (Merchant) Guid can be retrieved in Buckaroo Plaza under My Buckaroo > General > Guid.","Il (Merchant) Guid è disponibile in Buckaroo Plaza."
"Enable or disable credit management.","Abilita o disabilita credit management."
"Credit Management Steps","Fasi Credit Management"
"Select which payment methods can be used at Transfer.","Seleziona metodi pagamento per bonifico."
"Enable or disable client sided payment method behavior.","Abilita/disabilita comportamento client-side."
"Min Order Amount B2C","Importo minimo B2C"
"Minimum order amount allowed for B2C.","Importo minimo consentito per B2C."
"Max Order Amount B2C","Importo massimo B2C"
"Maximum order amount allowed for B2C.","Importo massimo consentito per B2C."
"Min Order Amount B2B","Importo minimo B2B"
"Minimum order amount allowed for B2B.","Importo minimo consentito per B2B."
"Max Order Amount B2B","Importo massimo B2B"
"Allow Customer Groups for B2C Mode","Gruppi clienti B2C"
"Allow Customer Groups for B2B Mode","Gruppi clienti B2B"
"Spam Prevention","Prevenzione spam"
"Number of Attempts","Numero tentativi"
"Consumer notification","Notifica cliente"
"Extra Fees","Costi aggiuntivi"
